nspe_10,Intensity
10α11-1α12,strong
5α11-1α2,medium
7β3-1β3,medium
5β3-1β3,medium
3β3-1α11,medium
8α12-1NH+1,medium
8α12-1NH+2,medium
6α12-1NH+2,medium
6α12-1NH+1,weak
1α11-2α12,medium
2α11-3α12,strong
3α12-2α12,medium
4β3-3α11,medium
4β3-3α12,medium
3α11-4α2,strong
3α12-4α2,strong
4α11-5α2,strong
6β3-5α11,strong
5α12-6α2,strong
6α11-7α11,strong
7α11-8α2,strong
7α12-8α2,strong
8α11-9α11,strong
9α11-10α2,strong
9α12-10α2,strong
1β3-α11,strong
1β3-α12,strong
1α11-α2,strong
2β3-α11,strong
3β3-α11,strong
4β3-α11,strong
5β3-α11,strong
6β3-α11,strong
7β3-α12,strong
8β3-α11,strong
9β3-α12,strong
10β3-α11,strong
10α11-α2,strong
1α2-1NH+1,medium
1α2-1NH+2,medium
1β3-1NH+2,medium
1α12-1NH+1,medium
1α12-1NH+2,medium
1α11-1NH+1,medium
1β3-1NH+1,medium
1α11-1NH+2,weak