0,1,2
160,165,weak
160,166,weak
161,165,weak
161,166,weak
137,165,weak
137,166,weak
138,165,weak
138,166,weak
68,165,weak
68,166,weak
69,165,weak
69,166,weak
160,143,weak
161,143,weak
114,97,medium
115,97,medium
99,114,medium
99,115,medium
100,114,medium
100,115,medium
101,114,medium
101,115,medium
91,74,medium
92,74,medium
68,51,medium
69,51,medium
45,28,medium
46,28,medium
24,15,medium
25,15,medium
91,68,medium
91,69,medium
92,68,medium
92,69,medium
30,24,medium
30,25,medium
31,24,medium
31,25,medium
32,24,medium
32,25,medium
24,28,medium
25,28,medium
122,114,medium
122,115,medium
123,114,medium
123,115,medium
124,114,medium
124,115,medium
114,120,strong
115,120,strong
160,137,strong
160,138,strong
161,137,strong
161,138,strong
30,45,strong
30,46,strong
31,45,strong
31,46,strong
32,45,strong
32,46,strong
114,91,strong
114,92,strong
115,91,strong
115,92,strong
53,68,strong
53,69,strong
54,68,strong
54,69,strong
55,68,strong
55,69,strong
76,91,strong
76,92,strong
77,91,strong
77,92,strong
78,91,strong
78,92,strong
45,68,strong
45,69,strong
46,68,strong
46,69,strong
122,137,strong
122,138,strong
123,137,strong
123,138,strong
124,137,strong
124,138,strong
137,160,strong
137,161,strong
138,160,strong
138,161,strong
